{
  "umbrella": "umbrella-1",
  "apps": [
    "reh",
    "citybuzz",
    "appraisalfactory",
    "remi-sound",
    "nsane-avatars",
    "app-bundle-launcher",
    "master-dashboard",
    "sysops-console",
    "clear-verticals",
    "kaboi",
    "blackbox-enginepacks",
    "leapq"
  ],
  "services": [
    "dad",
    "blackbox",
    "kristos",
    "crm",
    "leappay"
  ],
  "routes": [
    "ops/routes/master_core.jsonl",
    "ops/routes/sysops_core.jsonl"
  ],
  "handshakes": [
    "xoverse.app.dashboard.universal.master.v3.json",
    "xoverse.app.sysops.console.v1.json",
    "xoverse.app.bundle.launcher.v1.json",
    "xoverse.stack.clear.verticals.v1.json",
    "xoverse.app.appraisalfactory.v1.json",
    "xoverse.app.kaboi.search.v2.json",
    "xoverse.core.blackbox.enginepacks.v1.json",
    "xoverse.core.leapq.v1.json"
  ]
}